asset_code,1960,1961,1962,1963,1964,1965,1966,1967,1968,1969,1970,1971,1972,1973,1974,1975,1976,1977,1978,1979,1980,1981,1982,1983,1984,1985,1986,1987,1988,1989,1990,1991,1992,1993,1994,1995,1996,1997,1998,1999,2000,2001,2002,2003,2004,2005,2006,2007,2008,2009,2010,2011,2012,2013,2014
EP1A,19.833938764919566,36.876083630800615,58.55670103092784,102.53697597739048,119.82925744775456,113.52989690721648,99.16666666666667,218.5550303848751,307.7338437978561,473.5662316023327,543.6068895643364,512.672899408284,725.7804878048779,828.622954052455,877.4273381294964,936.8113655403517,933.3786750788643,719.8378196500672,839.2896856581533,1291.2988408494796,1461.6985181400098,1980.2151128557405,2460.824989196864,2342.6481891649205,2355.450307027519,2756.908772874058,3171.6995979029875,3345.5880893300246,3413.954823010881,3137.3766843432154,3098.7382926929895,2915.522923213279,2342.9240262547655,1811.1968664850135,1698.3679844877731,1702.4364355231148,1816.5370638832512,2196.786535608309,2707.4607498448904,3259.6094391818256,4050.709581625145,3673.008636990852,3541.1139090243223,3807.7135036496347,3896.528266168154,3567.696857336649,3783.9883701260264,4026.686516831244,4543.479750778816,5132.6555993906495,5714.72549770291,5290.469091708336,5438.781353077409,5560.315370006105,5787.598601079353
EP1B,0.0,0.0,0.0,0.0,0.0,0.0,0.0,0.0,0.0,0.0,0.0,0.0,0.0,0.0,0.0,0.0,0.0,0.0,0.0,0.0,0.0,0.0,321.5050311747639,568.3643220592636,1089.646804639527,1262.8690527448869,1342.8847152236983,1628.9776674937964,2007.6450117074512,2274.716161001478,2316.573131988282,2158.3502538071066,2326.19573163542,2771.1818801089917,3489.378433696003,4002.4896593673975,3963.5054605199575,3890.0006491097924,3689.634413685113,4352.778355268672,4607.464916430149,4212.589052997394,4213.211577804157,4721.48905109489,5084.361721763412,5216.839249378249,5668.206123657279,6281.3822822640905,6716.130148840429,6847.217061833523,7351.763016845329,7365.97613421983,7911.876377289635,8369.871023536594,8761.802455448127
EP1C,4.359107420861442,5.542070372259052,8.156111929307805,21.45642958078191,43.18719430858159,64.93113402061854,113.16666666666667,132.153950033761,149.56998468606432,179.733407386837,201.7401215805471,221.5360946745562,265.82926829268285,308.3723131532242,344.66187050359713,373.81988271432556,414.02170347003147,536.8361372812919,649.9027504911592,814.3942803959726,1096.576392437404,1472.1136408243374,1735.9772825483055,1705.827476803352,1985.0622015010238,2152.855220667384,2633.7006158701074,1783.0719602977665,1274.276938616225,821.8625575936713,495.74741098320743,272.46837482878095,148.62909248123256,72.12261580381471,37.28859204998384,19.62560827250609,10.357301633323669,5.7236646884273,2.941944633202352,1.613295330706681,0.8529380847261643,0.32181734553074054,0.21867501831131764,0.0,0.0,0.0,0.0,0.0,0.0,0.0,0.0,0.0,0.0,0.0,0.0
EP1D,10.897768552153607,20.46302906680265,29.27835051546392,48.8959020254357,60.21876389506447,93.01484536082474,138.44444444444446,168.26468602295748,172.24318529862177,182.59483476811997,195.05065856129687,195.37041420118345,206.92682926829264,173.9274304870834,261.5424460431655,187.87922368053614,208.60201892744476,232.92541498429787,292.8440078585462,309.4822743040866,300.2350536535513,543.7550539744847,478.88511636520775,696.9036815324752,981.4854446213329,1128.2633476856834,1337.4324833307885,1465.3697270471462,1709.2400716220557,2003.4293662522823,1890.4332219334074,1716.8104906937394,1757.4337145776833,2078.828337874659,2054.69406441883,1905.7259732360103,1729.4466350955188,2011.4278560830862,2109.4832629184275,2739.698130606086,3075.2682644801853,3204.7643992436247,3396.7883969388527,3046.994525547445,2831.8121583568,2499.481437938051,2286.967267191069,2112.523596050161,1905.3035652474903,1778.8367641888992,1842.2882848392037,1956.5819184204263,2048.6763983437436,2138.438682764702,2088.0480328697436
EP1E,0.0,0.0,0.0,0.0,0.0,0.0,0.0,0.0,0.0,0.0,0.0,0.34887573964497043,30.219512195121943,71.81739301912837,97.80719424460432,129.07609606255232,190.6218296529968,237.91778824585012,261.6672888015717,337.3341230222523,487.9386816555952,682.5764474975465,868.2884128649916,924.7488775815623,1045.607630202411,961.8873519913885,824.3774622079707,852.2084367245657,905.5964372618337,859.3809441015388,862.6765688822873,726.6235597453872,961.5760720040876,1093.6239782016348,1197.4038565119033,1421.7788929440392,1621.5302342063721,1728.2165244807122,1739.0161609596125,1967.7900913739625,2308.796778093136,2165.508918076353,2194.185133735761,2250.766423357664,2492.899973970042,2576.3248473886497,2577.9450858496157,2440.2703297590924,2285.962962962963,2131.5207999687514,2224.279479326187,2286.4087404069824,2388.9571197978808,2537.946533948315,2587.4150131250713
EP1F,5.666839647119875,10.87098419173891,17.567010309278352,46.4201601507301,86.77990217874611,118.70845360824741,176.55555555555557,185.46927751519246,191.25941807044413,203.34018328242155,196.45896656534956,186.12520710059172,182.51219512195118,163.20587655294813,141.36978417266187,131.01466070929905,121.24694006309147,141.97061462539253,161.00216110019647,171.46780607496405,199.65252938170664,232.1275760549558,277.13883573060065,254.58138281951508,345.14089151694344,430.29235737351985,553.1289255357052,361.2506203473945,270.32133510858085,195.33173954620537,137.31315756900605,84.8448956570784,49.34245175490312,29.34400544959128,18.065280620489066,11.571167883211682,6.459392416481427,3.081973293768546,1.1985700357491065,0.3226590661413362,0.0,0.0,0.0,0.0,0.0,0.0,0.0,0.0,0.0,0.0,0.0,0.0,0.0,0.0,0.0
EP1G,0.0,0.0,0.0,0.0,0.0,0.0,0.0,0.0,0.0,0.0,0.0,0.0,0.0,0.0,0.0,0.0,0.0,0.0,0.0,0.0,0.0,0.0,0.0,0.0,0.0,0.0,0.0,704.545905707196,1504.935172857077,2223.0299921759547,2587.9029170276845,2503.0481024897267,2622.9725268246666,2243.5790190735693,1899.1705267693633,1860.8026155717766,2189.3999226829033,2431.3467173590507,2448.0248175613797,2331.211752871154,2382.4693051613585,2344.975724433996,2111.3073017957718,2057.191605839416,2065.9498331716322,2244.2186751073928,2489.9669500126874,2813.765533813938,2914.965732087227,2631.8482871762826,2850.5604900459416,3003.591680861586,3014.164678223033,3140.897697212237,3108.4271110169075
EP1H,0.0,0.0,0.0,0.0,0.0,0.0,0.0,0.0,0.0,0.0,0.0,0.0,0.0,0.0,0.0,0.0,0.0,0.0,0.0,0.0,0.0,0.0,0.0,0.0,0.0,0.0,0.0,0.0,0.0,0.0,0.0,0.0,0.0,75.65803814713895,200.91834536249056,357.5717761557178,538.3569472632969,719.9709755192879,1118.0479215292346,1472.8310839131527,1833.2837958582993,2077.22369295242,2290.9488293385193,2470.722627737226,2656.528360822547,2968.594347727786,3388.7831557134405,3757.0051493305873,4022.714087919695,4180.977930549589,4464.292879019908,4823.204663259887,5283.9070110183175,5600.840059689344,5977.8168359610645
EP20,2276.7618059159317,2515.673635900051,2780.815905743741,3034.8469147432875,3257.8959537572255,3476.60412371134,3841.25,4213.045239702904,4680.370290964778,5217.812829769508,5924.399696048633,6597.763550295858,7042.853658536584,7647.190889370932,9239.942446043166,9805.583077352692,10292.942334384858,10941.25403768506,12690.630844793714,14480.627379642947,17664.257537046495,20605.191167811576,23040.5943576764,24694.24723136785,26814.83647941779,28218.288536060278,29831.341578867003,31358.5905707196,32922.103989715804,34408.295922802754,34868.28638032759,35311.43139150753,35473.13099870298,36078.27792915531,36669.39297640848,37785.535279805365,40264.065783963146,42573.93879821959,43448.38171772979,45806.294324754796,51102.612556501634,53796.48929319774,52248.787487687216,47070.961678832115,50955.87127002532,50268.93384580601,55142.21172714202,53220.95510995336,55065.775354794045,53412.775750947236,55307.450995405816,56308.995823946374,58608.69289072917,59094.48455199078,59225.6296773352
EP34,230.59678256357032,245.34319224885263,260.5773195876289,279.75883184173335,303.9324144064028,333.4193814432989,378.3888888888889,439.00067521944635,495.88483920367537,578.1871702304916,669.4744174265451,783.5749112426035,865.0975609756096,1021.4407414711102,1277.3352517985613,1453.923485060039,1653.2227129337537,1853.4185733512784,2092.0974459724953,2414.3974109484725,2737.357179356157,3191.981746810598,3519.168590653744,3903.7770727327143,4116.730384352969,4277.005705059203,4655.524507558406,5096.501240694789,5554.564390982966,5998.350430322525,6445.47708049676,6850.792442188382,7392.943442204142,7971.788147138964,8389.354195841861,8757.559002433092,8984.680744821366,9233.041635756677,9710.160664165216,10220.225920026825,10918.460422579628,11916.03812541524,13195.834642487307,14677.401459854013,15898.545966539674,17347.399683472755,18885.934470946464,20610.037802144547,22560.295604015228,24077.741494472877,25509.18032159265,26693.242064582304,27524.165520387396,28830.505748490814,30027.895260300327
EP35,58.19408406850026,59.6838347781744,63.15758468335788,71.17757889778615,81.50822587816808,89.03134020618556,99.36111111111111,109.46657663740716,118.12006125574274,135.9178006109414,158.78672745694024,177.228875739645,208.29268292682923,254.5943600867679,354.34244604316547,457.1781625244344,535.2686435331229,656.1850605652758,840.9958742632614,1038.6094424232167,1180.2187020950432,1337.540333660451,1571.2527933823076,1740.0556719545043,1978.7503979986357,2163.724004305705,2387.8049574998727,2552.471464019851,2701.882374546623,2844.3134834391035,3037.87927548789,3167.089275642575,3341.5671107966828,3467.8957765667574,3558.281266831843,3646.846411192215,3735.644824586837,4014.8205675074187,4455.7385883534735,4756.102187945343,5157.823215599707,5753.021413604539,6461.737453590281,6883.204379562043,7830.059632267683,9144.940899841735,10309.110822126366,11994.779709618142,12998.839736933194,13343.173157298545,13685.671516079632,14001.295052841733,14435.943469717173,15467.665010513465,16293.832846917645
EP36,672.1743642968345,669.9510453850077,666.2916053019146,656.8968440885538,650.6465095598044,665.4445360824741,717.1111111111111,752.086428089129,780.7626339969373,817.4740349902805,870.8624620060791,921.0319526627219,968.0487804878046,1067.2200749359101,1313.5539568345325,1483.4865959229262,1661.019432176656,2033.456034096007,2433.9555992141454,2911.2183771892715,3416.0245273377614,3919.7699705593714,4549.6334341626025,4792.241125411552,5187.872128724131,5559.800861141011,5998.409222782104,6403.354838709677,6865.3100867728745,7497.642875771539,8082.711432933117,8528.519861413262,8991.759226506309,9343.17847411444,9749.461381019066,10246.609489051098,10725.152894558809,10968.63288204748,11206.411912429463,11375.237823790761,11677.362083464734,12208.141002708642,12939.87553355391,13490.795620437955,14144.12376061904,14930.743477277863,15754.469952634698,16901.831021182934,18010.678089304256,18273.04136557166,18618.196401225116,19356.909335677785,20335.73527966875,21392.9368344299,22831.952374741166
EP31,229.2890503373119,250.67210606833248,277.72606774668634,335.4630240226095,450.32281013783904,570.0395876288659,723.3333333333334,783.8487508440244,812.7611026033692,890.4404332129965,987.5759878419453,1127.043076923077,1270.9268292682923,1527.5661605206074,1809.0992805755398,2096.880759564367,2414.277981072555,2543.302153432032,2967.3722003929274,3459.386327100431,3909.559529892692,4194.074975466143,4572.86573245262,4631.089494163423,4995.218671821697,5264.392895586651,5603.66763373543,5878.496277915632,6269.5649878334325,6604.547857080763,6711.228122292362,6883.444122149706,6838.623118342963,6851.177111716621,7137.63869438759,7098.684610705598,6533.007216262363,5935.8805637982205,5718.704523296009,5495.206555453097,5326.3851045937145,4602.524403332141,4223.270628646477,4007.855839416058,3842.2117892046667,3664.096224282161,3496.724668019962,3622.3404212354358,3876.5880927656626,3887.588453576033,3929.6944869831545,4067.590746744327,4194.426029896835,4270.31845621651,4297.84985244485
EP12,788.1266216917488,747.113717491076,707.9086892488955,679.3848327837965,668.894619831036,645.5270103092782,683.8611111111111,694.4226873733963,677.4532924961716,707.1302415995557,707.1466565349544,688.1573964497042,685.4878048780486,798.6706763951883,985.4158273381296,1034.2242390393742,1127.501072555205,1190.681022880215,1322.4512770137526,1604.6710381588966,1801.1078180889112,2069.7283611383705,2047.2900796345452,2322.816402274768,2561.157721173528,2765.82674919268,3075.195093398483,2916.9379652605458,2671.9354024149484,2464.5382074241506,2174.568758509716,1947.1037789058093,1841.7972723342373,1829.3453678474114,1797.8428309813637,1757.0024330900249,1708.9547694984053,1694.534959198813,1606.3017697284843,1429.3796630061195,1307.3408493640284,1262.2749016200746,1357.4251761675043,1711.5620437956202,2015.5939326533994,2195.3287813701104,2369.490294341538,2107.3622301649807,1994.301142263759,1783.9360962462406,1618.2277947932619,1520.835577046358,1433.6073408660257,1399.7415213999866,1405.403371757455
EI11,0.0,0.0,0.0,0.0,0.0,0.0,0.0,0.0,8.228177641653906,21.460705359622327,30.6306990881459,35.585325443786985,46.439024390243894,73.68941037270756,93.63453237410073,110.3366378106674,145.1144479495268,230.11720502467472,317.5061886051081,515.9593874270242,601.5288707204904,659.9705593719332,724.997592443978,777.5529482190959,755.408119172163,680.97109795479,588.2958212449738,514.4069478908189,506.17037785225654,496.6594801356169,474.57354458059984,491.25936669083876,507.3848209723696,516.8787465940054,532.9257783044274,566.873783454988,617.6515576173448,549.1415986646884,512.4431707389134,481.6224327269679,493.74453379585833,502.67869371901674,537.9405450458414,593.4142335766422,688.4613455121986,736.3393172055165,855.8717330626746,963.5331677470165,1010.252336448598,921.3188547322371,812.3671516079633,764.284319651263,755.6096568180224,749.3553889981687,780.0476904765786
EI12,1804.0166061235082,1750.6547679755226,1732.441826215022,1718.5774846914742,1736.6118274788794,1774.6515463917524,1879.111111111111,1943.1735313977044,2087.945788667688,2231.019161344071,2540.76367781155,2863.0487573964497,3049.268292682926,3486.5472293433245,4497.628776978418,5262.556827701758,5802.8276340694,6683.851727231941,7556.088899803537,8818.766646924443,9812.619315278485,10754.637487733069,11263.617754182356,10823.454774019752,10490.504321128043,10183.63223896663,9663.39950119611,9550.764267990073,10127.267389008768,10250.128140485092,10098.666377852043,9990.671984529852,9664.982824352473,9308.649182561307,9412.821824841107,9702.991484184917,9759.585097129602,9597.154766320475,9472.62587526221,9356.575152988515,9453.32602754126,9738.40742065723,9992.57363675397,10348.516423357663,11459.079249390663,12363.276328283968,13657.386894189294,14970.65905373478,16574.913464866735,16595.954064294365,16855.05091883614,17413.68452479074,17854.94897887571,18041.6855456827,18578.569122658275
EI21,1055.3399065905553,996.2937276899542,953.4285714285714,953.7795572303344,964.9195197865718,949.2692783505154,959.3888888888889,1068.7643484132343,1153.5905053598776,1299.2668703138017,1527.310030395137,1721.701775147929,1901.7804878048776,2085.5975152829815,2356.719424460432,2954.372521641999,3318.697413249211,3654.105204127411,3755.3211198428294,4253.553007868686,4960.7603474706175,5000.907948969577,4796.195567627631,4656.503561807841,4472.773481919491,4314.4890742734115,4250.968901104495,4208.91811414392,4398.611266700334,5271.202121185778,5357.495358336427,5418.694706308919,5281.567896867507,5197.777929155313,5364.346116557147,5267.377128953773,5260.395541380754,5208.314725519288,5226.637043164831,5272.78690585967,5487.163933564596,6120.858639546175,7018.702725229206,7655.833941605839,7687.818358219552,7666.510513226316,8219.572062928193,9085.880818238727,10804.353063343717,11101.245888832469,11134.173813169984,11744.764052969944,12512.30858305846,13131.639184697824,13662.65705248398
EI22,121.61909704203426,113.61244263131056,109.79381443298969,108.93264248704662,113.74655402401066,118.90762886597936,128.91666666666666,135.74611748818367,142.9874425727412,155.94779227992225,165.47619047619048,171.123550295858,175.3414634146341,188.7333859199369,233.16834532374102,259.121474448478,281.6365930599369,298.29430237774784,368.69184675834975,426.491158304425,485.36739908022474,541.4792934249263,552.0293845299093,510.92559114037704,496.1938253354561,487.84117330462857,492.47284572708304,490.01985111662526,520.8111197832973,545.1972528905504,540.3773569336138,551.8628635887519,551.1912903352592,560.2465940054495,582.2578907680706,607.7131995133822,635.2478335105184,669.7788390207716,688.632965994032,762.1207142258362,799.8426889519606,870.0868298666122,914.0615765413078,971.1021897810218,1027.3735298989566,1127.2283970156002,1263.3799585553584,1412.2200884473255,1554.0346140533056,1504.777313386196,1471.8905053598774,1552.0021612909136,1678.4463120218963,1730.8493183205592,1858.539204017413
EI30,2849.112610275039,2765.493115757267,2807.7938144329896,2840.5011775788976,2962.2765673632725,3148.9608247422675,3486.972222222222,3893.5313977042542,4233.305972434916,4503.171341294085,4786.662867274569,4860.187928994083,4931.585365853657,5392.601262078485,6769.559712230216,7430.356743926276,8057.193312302838,8942.120569762224,10229.84155206287,12224.005245790675,13969.324476239139,15361.383709519134,15852.37138094944,15185.125770727325,14946.494143734366,15330.001291711516,15818.560390899374,16109.419354838708,16596.079564758275,17100.250891071897,17522.578949539955,17482.624687776974,17360.8407813544,17676.993869209808,18369.495314014865,19502.409367396598,20191.72658741664,20967.765022255193,21702.943480958435,22150.54489060273,22706.49122253758,22897.08958961517,23184.690803929985,23614.012773722625,24490.05471023924,25713.66836988469,26436.61735600102,27465.387431594678,28861.654551748008,28192.30951915941,28033.114088820825,28668.33646537356,29563.1695557583,30292.439784982707,31143.912820178368
EI40,3361.0897768552154,3340.1631820499747,3421.175257731959,3536.597268016957,3654.4882169853267,3891.287010309278,4267.472222222223,4493.990546927752,4734.310566615621,5030.747014718134,5334.67071935157,5606.433136094674,5724.975609756096,6312.10214947742,7773.001438848922,8404.485478916502,9109.591293375393,9633.720278151635,10835.0731827112,12300.247736695152,13785.40214614205,15017.592149165846,15553.499104883018,15894.956839269676,16132.109051626112,17007.277556512377,18309.82144856721,19563.409429280397,20921.487121803406,22173.49760931931,23378.484300862314,23526.401176375795,23541.40407970758,23835.817438692095,24637.452870839166,25809.37652068127,26646.886988176928,27128.739706973294,28005.89641622596,28441.106044094224,29289.360743193527,29885.782337609242,30543.323845124134,31455.29562043795,32724.658936557895,33760.25466877684,35383.80806478898,36967.34472244099,37750.90723433714,37193.46072419047,36801.0482388974,37542.7284099859,37674.20338269352,37734.8107576477,38282.801998923904
EI50,4237.706279190452,4227.320754716981,4271.2930780559645,4400.424870466321,4617.785682525567,4971.613608247422,5435.5,5703.22754895341,5973.2912710566625,6385.632879755623,6926.938956433638,7303.364733727811,7435.536585365851,8039.803983435219,9585.605755395683,11155.793353811783,12090.802145110409,13420.903432032299,15234.247838899804,17971.13309078602,20420.823709759832,22324.90755642787,22995.9283906414,22862.67153546842,23074.232203775304,24013.46270182992,25419.1229195297,27034.03473945409,28591.372526513933,29614.206989481012,30572.5272929818,30443.857465151883,30333.693432378255,30917.386239782016,31876.766670257457,33192.6891727494,34107.70796688251,35081.881862017806,36391.96407362544,37093.96177382849,38218.44970040997,39458.34655286963,41095.596191245924,43222.395985401454,46572.98421637995,50252.59886954555,54171.20238095239,58260.6769855213,62138.84008307372,62366.60989805087,63249.65007656968,65192.17533930436,67382.45838304443,69054.07122024012,71229.84722743058
EI60,4057.457187337831,4047.416624171341,4118.418262150221,4131.806877060762,4286.075589150733,4454.952989690721,4838.944444444444,5257.798784604997,5506.845022970904,5657.0419327964455,6090.580040526849,6293.543905325444,6377.170731707315,6906.722934332479,8266.376978417267,9589.110025132642,10293.419684542585,11252.965343203228,12137.515520628684,13608.662238768085,15431.476750127744,16965.49146221786,17851.548120254338,18128.603651601316,18824.38014555379,19224.09138858988,19836.037461190004,20475.111662531017,21589.903539782375,23085.48300443363,23907.57738168915,23990.327129159617,23959.731792634513,24063.616485013623,24674.74146288915,25648.514598540154,25785.449051254793,26249.826965875374,26777.253168670788,27691.999245536088,28935.071586250397,29972.780293351054,30876.584573030585,32167.3704379562,34220.964717574956,36941.20370789056,40847.38957963293,44610.03725692131,47585.02146071305,49287.17893832273,51076.44601837672,52969.25027016137,53977.612113130745,55635.12838296141,57182.871700389675
ET11,966.632070576025,949.8255991840898,996.718703976436,1044.5567593028732,1083.5322365495776,1178.3208247422679,1297.5277777777778,1343.470627954085,1439.1996937212864,1596.6764787559011,1678.3510638297873,1834.7375147928994,2058.5121951219508,2334.916190100572,2577.0359712230215,2714.636693660988,3011.443028391167,3424.1440107671597,4011.559626719057,4634.921059311278,4808.14716402657,5229.697742885181,5445.950490771035,5523.37300209518,5837.127188992496,6185.731324004305,6286.150760930422,6362.888337468982,6678.707175979063,6736.911675215162,6553.12146717828,6436.338731770204,6309.214715245843,6797.792234332424,8194.4576106862,9569.696167883214,11527.119873715408,13774.549425074185,15731.340680119363,17750.44320563333,19000.048775360036,19271.173557520317,19324.31136817114,19921.17518248175,21922.582739771413,24204.86873163011,26537.827032056168,28221.05831869308,25858.399446175146,22353.692902620995,21573.452526799385,23263.746121581775,25367.811249912276,28686.209743607138,33049.03608171783
ET12,1649.48624805397,1621.481896991331,1700.6539027982328,1781.296278850683,1848.533570475767,2009.8775257731957,2208.5,2287.4544226873736,2453.2768759571213,2726.2249375173565,2874.7087132725433,3150.1734911242606,3540.2926829268285,4018.3703411555903,4442.21582733813,4699.403797821837,5223.483659305993,5940.456146253925,6955.045186640472,8031.601827565783,8354.702095043433,9108.20058881256,9507.85554663868,9653.379347500746,10197.005458267002,10803.013562970935,11003.28548887871,11169.826302729527,11762.638262706027,11711.508649917416,11162.304493130336,10510.996293610508,10447.241205832644,10993.749318801089,11798.71270063557,12733.389598540149,12633.235140620469,12549.024758902078,13460.59526693651,14280.890267415542,14527.13484179544,13967.08734093116,13948.404718005706,13815.49817518248,14954.910338626092,16450.12633958851,18241.767381375288,18729.07184830678,18806.934925579786,17851.93140892934,17661.148162327718,18437.14359763357,19516.49778931855,20833.90693888625,22604.090457013353
ET20,2208.105864037364,2153.3074961754205,2237.075110456554,2268.6048045219027,2293.3819475322366,2388.3105154639175,2467.888888888889,2529.453072248481,2735.5947932618683,2925.2729797278535,2977.163120567376,3104.819644970414,3259.0975609756088,3589.3380003943994,4009.928057553957,4241.57944708182,4758.8628391167185,5585.997644683714,6613.342141453832,7454.1816566545385,7633.532958610116,8535.315799803728,8721.40477807272,9605.78305896438,10800.213042983854,11399.263885898814,12084.599379040057,11934.13399503722,12602.218263624258,12513.693732069896,12458.347980360604,13078.481991781484,13548.715167236567,14455.752724795639,16190.544543789722,16644.671228710467,17067.162559195902,16937.31444732938,16838.601471326856,17250.75186520245,17332.12835067802,17333.94040987377,17458.46677442982,16989.61313868613,17072.460824913036,17795.921320370788,18661.810750232602,19457.0590456574,18789.701973001036,16764.46920042186,16682.33269525268,17684.224536146678,20103.482033826935,21922.451638065526,23353.78792819526
ET30,716.4193046185782,831.9500254971953,971.8321060382916,979.7748469147432,1063.4593152512227,1236.280824742268,1501.3055555555557,1865.2802160702229,2379.223277182236,2771.6500971952237,3106.1993414387034,3169.012781065089,3290.5121951219503,3731.7815026621965,4205.375539568346,4473.722563529739,4951.3940694006305,5397.2235307312685,6086.440078585462,7475.654031643962,8701.673990802246,10221.350932286554,10941.363294030496,11172.347321161327,11268.290652717764,11379.75581270183,11700.217030589913,11896.0794044665,12730.125109039987,13227.85490741546,13975.005404959356,14750.149061316575,15283.523562472978,15691.972070844686,15691.664871270063,16243.764294403896,16411.200122418737,16512.662555637984,17196.102224717113,19095.9315114427,21861.016346052773,24569.89615168396,26308.572778016314,28178.10401459854,30678.172507631512,32376.03798326927,33854.75270658886,35639.46604470831,38618.69262720664,37689.51900316394,38790.14701378254,40331.551861823915,41523.80384588392,43408.735806823584,45826.36076826504
ET40,1441.5568240788791,1390.8465068842427,1391.139911634757,1371.9736222326894,1375.502000889284,1376.8985567010307,1399.8055555555557,1429.8717083051993,1484.9117917304748,1595.42460427659,1714.0868794326243,1809.9673372781065,1939.3414634146336,2239.4433050680336,2747.1136690647486,2981.1893325886617,3307.5592429022076,3697.3204351727227,4119.825049115914,4789.428801083001,5284.288196218701,6418.858488714425,6562.899438236928,6674.3511523495945,6605.732715487834,6349.32045209903,6208.8653738484245,6030.178660049627,6096.271842431476,6077.060332087282,5860.850146470271,5677.4345338812345,5448.489800731046,5442.782697547684,5305.402348378756,5166.866788321169,5167.625302019909,5146.675259643917,5140.666883327917,5161.79218710705,5319.881451697677,5463.171257729851,5837.529613820624,6271.200729927006,6668.252821884096,7100.883201446981,7562.753763850124,8015.835827224814,8690.719626168224,9113.692277645407,9419.058192955588,9640.19944319285,9548.719875078952,10050.357288204572,10527.8793634748
ET50,3569.8910223144785,3462.0887302396736,3358.854197349043,3325.746585021196,3343.256558470431,3431.3913402061853,3545.888888888889,3645.2937204591494,3654.5908116385913,3896.7275756734243,4005.9321175278624,4172.379408284024,4479.487804878047,4659.791559850128,5893.634532374101,6842.163920692543,7293.114826498422,7777.025459847464,8509.2278978389,9685.908283272696,10770.346448645885,11454.813150147202,11159.147354774987,10733.256869200837,10232.007277689336,9704.569698600644,9091.051458237898,8614.540942928039,8840.612368578119,9086.139876553943,8917.240706358047,8619.177745548304,8206.49215894352,8187.802452316076,8366.077776580845,8779.56690997567,8667.390934570407,8546.64215504451,8687.889384583568,8906.358202699304,9079.312677388838,9107.001788725916,9291.829540575354,9705.456204379561,10941.375328332428,12119.286999773907,13179.774718768505,13877.505220007675,14509.319833852544,14211.957032928403,14131.42649310873,14517.652709855854,15474.382342620534,16367.52394356644,17877.102620122936
EO12,1733.8349766476388,1730.8312085670577,1758.7923416789397,1824.621761658031,1898.6144953312582,1995.5369072164947,2153.277777777778,2292.180958811614,2403.9078101071977,2598.891419050264,2722.963525835866,2806.007573964497,2954.6829268292677,3390.7339775192268,4082.69928057554,4077.12454621614,4364.889842271293,4890.185621354867,5585.285952848723,6353.333446146035,7072.388349514562,7946.955839057899,8638.517933205754,9241.46578868602,10028.021264498524,10890.521205597415,11712.620858146282,12755.255583126549,14002.405582847434,15184.58306528732,15794.563229772659,15776.698090403674,15942.666509452501,16285.569482288827,16811.249057416782,17488.799270072996,17900.64691859154,18674.226539317508,19529.827045232963,20616.193478078632,21972.538000630717,23194.985179128125,24650.90680170737,25941.919708029196,28303.97666769209,30380.410038435446,32183.748456398553,33539.8458633711,36327.30010384216,35148.035623608455,34541.633614088816,35040.61409967581,34740.21443610078,34966.36541070339,35624.80508046239
EO30,1890.1089776855215,1873.4329423763386,1889.081001472754,1958.1055110692416,2035.8808359270786,2168.819381443299,2306.5,2441.3504388926403,2504.657274119449,2657.9083587892255,2904.8112968591695,3116.855857988166,3235.70731707317,3806.8323802011437,4847.9654676259,5453.666992460206,6054.550283911672,6645.784881112606,7423.316404715129,8831.369997461714,9655.014818599895,10717.770166830223,11086.752515587381,10625.724513618676,10073.781839890837,9345.481808396124,8860.422049167812,8428.019851116625,8415.49846196226,8600.893332174217,8656.30767009118,8548.061397147692,8238.745273749164,8159.283378746593,8145.125498222556,8220.520681265209,8201.089623401307,8202.671921364985,8303.475285845128,8071.746751613714,7907.162514453906,8073.646292226709,8401.166190993357,8872.049270072992,9675.575096429164,10387.434411033233,11001.329294595282,11625.2728337473,12843.389061959155,13452.275145502132,13960.482771822357,14628.61043647087,15494.309741034458,16896.218883537953,18165.429703422302
EO21,831.9356512714063,814.6843447220806,819.5846833578793,850.0047103155911,897.6042685638062,950.2651546391752,1048.25,1107.5219446320054,1168.5840735068914,1204.8397667314637,1249.1691995947315,1268.1633136094674,1340.2439024390242,1520.7588246894104,1938.117985611511,2159.5610164758446,2402.5033438485802,2609.1390758187526,2923.941944990177,3498.4411540739484,3809.884517118037,4454.4219823356225,4315.961479103648,4123.248847650403,3907.293268137367,3633.3786329386435,3532.228431821652,3333.5285359801487,3317.3259262660113,3280.7598887246813,3316.81643767793,3315.258641527677,3205.5744998624373,3089.016348773842,3082.909619734999,3045.71289537713,2960.4063657742986,3091.219213649852,3243.2215558247412,3169.587559728393,3168.6649847577005,3205.0862165891554,3421.3893364988758,3743.930656934306,4173.655458008945,4601.171693420754,4905.419436691196,5296.499828355648,5758.166839736933,5900.520135932191,5873.957503828484,5986.561862373391,6464.634500666713,7282.731804924371,8080.569432442567
EO40,1144.2656979761286,1118.4324324324325,1115.2960235640649,1193.513895430994,1300.0764784348598,1428.484948453608,1571.3055555555557,1686.995273463876,1828.849617151608,1972.9541793946128,2131.2981256332323,2281.4728994082843,2439.2439024390237,2764.6292644448827,3541.5884892086333,4024.7833007539784,4340.863217665615,5013.122812920591,5826.478978388998,6809.388019290972,7484.701073071025,7959.396663395484,7645.224766960923,7231.110206524992,7116.845349101662,7224.53622174381,7504.043060009161,7776.8039702233245,7880.978283825351,8204.85134312788,8380.66703799975,7919.14551607445,7642.182997288055,7568.749999999999,7771.081546913712,8067.826642335768,8467.038400824715,8860.453078635015,9493.764292256332,10082.342945762428,10568.54257332072,10913.040731844432,11356.996413507437,11891.104014598539,13049.307271823754,14879.43784761474,16752.986974541152,18263.84509601987,19773.042575285566,19016.002187414557,19238.68070444104,20246.79733318681,21808.032072426136,22116.17370955708,23185.920630003424
EO22,328.24078879086665,310.3559408465069,297.17525773195877,310.08666980687707,330.6963094708759,359.3121649484536,400.94444444444446,403.6461850101283,415.98009188361414,439.22910302693697,463.1572948328268,480.2274556213018,512.0243902439023,593.9400512719385,847.7179856115108,945.6964535046075,1010.232050473186,1167.1232615522654,1423.8919449901769,1617.7411794568068,1688.727644353602,1853.9862610402351,1732.3800234582382,1567.7394791978447,1496.9015806231523,1407.6468245425187,1357.7420471318776,1379.880893300248,1371.8375189385242,1420.1889941754328,1415.3525188760982,1344.1608250745307,1220.2027276657627,1174.1137602179836,1132.438328126683,1093.7022506082728,1096.7602847846397,1179.5152077151336,1270.7021597187345,1309.995808533825,1321.6275622831915,1311.512955486278,1266.2376935316847,1264.0802919708028,1262.5186114200526,1331.6456703594843,1428.6581451408274,1531.1661113467014,2081.174108688127,2047.2039373461978,2940.3503062787136,3593.647764529187,3836.082461927153,4103.183392118294,4441.484029804509
EO50,724.0477426050857,686.3640999490057,662.5272459499264,658.1347150259066,674.571809693197,694.1257731958761,729.1666666666666,718.4334908845375,731.210719754977,746.6537073035269,808.3687943262412,876.0269822485208,899.4146341463412,981.9581936501676,1325.738129496403,1726.6149120357438,2065.8123659305993,2477.933266038582,2825.1381139489195,3310.79126829681,3976.7153806847205,5013.500490677134,4993.295388604235,4429.68668063454,4096.360473049807,3746.2467707212054,3214.2270066676847,2956.600496277915,2780.0106973968136,2636.7817091193606,2489.7677517844613,2276.8362742728227,2046.8693157253467,1973.1192098092642,1949.0816546375092,1944.636861313869,1952.1843046293611,2036.8541357566767,2061.649422400804,2233.983820940565,2402.3001156312416,2666.1494352736754,2692.545500467254,2850.302919708029,3220.5144466267543,3859.3106940990274,4872.108453861119,6263.434805436078,7905.794046382831,8327.920784344362,9360.736217457887,11028.987123834644,13314.881640816899,15135.503103167606,16926.59962825885
EO60,1547.9190451478983,1531.1035186129525,1534.1855670103093,1541.1493170042393,1570.756780791463,1639.4115463917524,1749.611111111111,1852.424037812289,1936.1816232771823,2083.655651207998,2242.7304964539007,2379.6814201183433,2441.1219512195116,2613.506408992309,3063.0676258992808,3201.054872940519,3399.2104731861195,3623.0588829071326,3971.386640471513,4542.963279465268,5079.493101686254,5629.169578017663,5897.2566207790605,6060.0064651302,6337.050716397544,6647.515285252959,6924.743421387489,7256.903225806451,7852.6284835407,8178.221159697472,8335.656723191812,8313.068245910885,7909.835711197578,7847.459128065395,8044.49262091996,8350.18582725061,8597.005830997712,8789.017340504452,9152.934558454222,9524.250314359962,9938.114711447493,10487.598201052793,11116.6725683833,11764.874087591239,12781.79862277858,13854.590639837212,15066.54592742959,16240.237757718949,17131.089304257526,17276.418421155427,17757.917687595713,18367.194534498234,18820.087655274056,19296.3111985349,20051.142940994243
EO72,110.2854177477945,115.31769505354411,120.66863033873344,134.5153085256712,148.0124499777679,167.5063917525773,183.16666666666666,169.966239027684,181.9341500765697,191.71563454595946,214.06281661600812,226.5947928994083,237.1463414634146,269.5704989154013,338.31942446043166,369.9427534208321,413.5443533123028,425.28779721848355,568.6261296660118,701.1197224807513,891.7812979049564,1111.9366045142294,1157.41811222915,1228.3955701885661,1315.4372299294976,1382.9830462863292,1467.0592965847204,1556.3523573200991,1675.3001698728249,1742.243675562897,1739.4267854932539,1654.599145918943,1597.2512675392052,1531.5449591280653,1507.871916406334,1505.7265815085161,1466.6161850455849,1473.7335867952524,1539.9445741129202,1565.8644479839047,1611.2000420477243,1689.4337915878777,1800.1327507387668,1947.2135036496347,2183.5223739321805,2366.2708568844673,2539.062928190815,2659.6283798792433,2724.813084112149,2615.8387562985827,2554.573506891271,2561.4011209407113,2625.871745385641,2808.3844197246153,2946.206365251985
EO80,1018.287493513233,1072.6037735849056,1134.9543446244477,1252.5190767781442,1339.8168074699865,1443.024742268041,1612.5277777777778,1668.0891289669144,1756.4416539050537,1893.1918911413497,2058.0661094224924,2199.835976331361,2363.4390243902435,2699.959574048511,3403.223021582734,3659.2023177883266,3909.497791798107,4209.3507178106765,4949.342927308448,5973.676960825788,6919.472662238118,7925.411972522079,8491.330082103834,8648.421909607901,8872.96122356152,9122.253713670612,9552.582887972718,10106.039702233249,10949.27849960975,11690.25697644093,12079.247019020504,12284.081459995166,12393.740753841921,12909.712534059945,13617.515889259936,14319.320255474457,15027.219612770206,15669.963000741842,16533.51091677254,17425.31041998491,18490.738121517923,19765.05591046149,21499.253100295504,23626.145985401457,26233.726780094185,29256.172552566128,32319.545842848693,34993.5914864401,37698.02803738318,37772.412796375145,37926.55589586523,38776.972013114275,38451.60498982385,39537.456708268335,40585.06611448975
SOO1,3341.190082644628,3635.244260544581,3986.4514462809916,4329.964455569461,4795.942248520709,5296.138482023967,5865.649162704156,6339.122807017544,7119.099384344767,8009.27959053103,8947.39614157238,10433.454096870537,11818.864948331156,13383.34115183246,15631.9016776202,16341.498314877226,17406.07536723998,19508.63848572002,22117.914042150132,26315.69062307218,31375.555355048276,36800.03866703606,42425.010389995914,46931.07407407409,53363.30253413954,61110.451866658055,69316.0052590874,76464.07499048344,83672.30531605249,90796.82203851038,95525.19998027322,96538.5858576044,98330.47819336626,101838.95837164966,106677.95733265202,109585.33348937557,113207.59744558235,121430.73867455056,130797.15463953326,140868.09904680232,149804.27453466083,157063.79990407953,162200.8473067591,166301.5937213047,181107.24298056154,200595.55525484894,219384.34499896868,230303.88938090068,246213.649361437,234320.36682774688,228589.4455756094,232719.78602664502,232919.9443377011,238507.9193621111,243824.91056075963
SB31,909.7603305785124,1005.6155899626268,1135.8832644628098,1272.158197747184,1474.6773964497038,1675.7434531735462,1901.9381848253051,2083.9676113360324,2379.792436235708,2752.7658349328217,3201.511024078909,3856.6325152577588,4533.409668606723,5242.950471204188,6231.466793497059,6684.50457390467,7334.822248468296,8397.869306400911,9610.495856026522,11313.748200699158,13183.821708923579,15070.794831202757,16933.834427993617,18621.530106129525,20635.99252666621,22542.99567992778,24782.269450889402,26906.14008374572,29179.462902960073,31393.779614896208,33113.20609557627,33840.246896786266,35118.48496824276,37137.2798026242,39661.89703628002,40901.75478303346,42294.81731630388,44240.625227243516,46680.46171343242,49240.757610739136,51758.610135427625,54016.343322627064,56108.16249566724,59063.842194216355,64667.12311015119,71705.46910239063,78669.9809447102,83328.85888545409,85529.82736302911,81178.24782179025,80906.80566704767,82673.88169090479,84883.56947891842,89599.61615921909,91893.5454895419
SB32,218.27823691460057,241.21783235451147,272.474173553719,305.2936170212766,354.00899408284016,402.352418996893,456.558817448832,500.5060728744939,571.4969217238346,661.0153550863724,768.9084711343197,926.5104531878977,1089.1706853545552,1259.7766492146595,1497.3385506745071,1605.989407799711,1762.1680076769765,2017.7257708514483,2309.160430973242,2718.746761258483,3167.9978345213394,3621.5931056318523,4069.2544435786112,4475.062594758502,4959.407432570147,5417.644851376619,5955.805723124517,6466.473163304149,7012.871107693996,7545.414621504651,7958.668442077231,8133.431146306509,8440.917007762879,8926.11192104968,9491.255748594787,9838.76927460718,10416.275164518516,11094.537414841066,12023.019586053619,12971.686978462349,13908.950822459961,14596.883093289927,15133.881788561524,15716.678599470342,16900.958963282937,18281.889941362202,19573.405199933208,20241.572729551342,20370.389713771503,18899.207140720053,18473.846495308473,18610.1550561036,18958.239710720973,19881.82772886558,20408.552290517127
SOO2,403.267217630854,438.29604911906034,480.68698347107437,521.8603254067584,578.2352662721892,638.3266755437194,706.4564812900559,762.9419703103913,856.1618293755496,962.4580934101087,1074.6319988395705,1252.5077262693158,1415.8289583085877,1600.3357068062826,1867.1241784849533,1950.6172363986518,2076.683398538422,2325.851381178517,2633.972294577315,3131.8051614229903,3735.4853379048996,4387.968733921716,5074.004675498163,5622.692332683562,6401.632311977714,7340.439615707008,8331.353441608662,9192.489531785306,10059.320391015432,10916.621038173478,11485.438674360114,11611.209561056186,11829.138038108678,12250.880834361333,12809.52861522739,13156.841691769112,13588.639538958763,13973.02223772885,14930.712598972079,15979.783386655232,16992.55001236782,17616.072201956198,18259.098343154245,19282.117668977815,21397.14362850972,23983.39106901218,26097.675254643502,27431.43052886624,28135.216834527393,26465.32181292329,25943.683155684328,26173.7524661853,26724.80200714127,28197.548652475536,29001.034774797892
SC03,1631.9035812672178,1755.9890549919915,1905.8212809917356,2051.067834793492,2252.910769230769,2466.9329782512204,2712.1935083729586,2911.315789473684,3249.7308707124007,3635.198976327575,4042.174064403829,4690.199065056487,5394.120916973512,6198.5742408376955,7325.033725354549,7696.88589311507,8248.680519672253,9335.004347535283,10701.649064645988,12802.996092946742,15079.392944148698,17177.894961807895,18742.000742142565,19989.591184752007,22068.07011345879,24582.703591463018,27501.677958236658,30276.638751427483,33066.835493437306,35711.24964366237,37684.328056418606,37998.095270483645,38711.46083274523,40352.5085342604,42519.73811957077,43622.58717332899,45131.996962735095,46461.81949060727,49401.36265453535,51847.19672482601,54183.84452105622,56630.64143183106,58871.94282149046,60682.20826956602,66927.14902807775,73860.32837167344,81536.56592246266,87505.76890299942,94832.66216730696,89665.48002212208,88142.21317880972,90263.78480626464,91833.54803862551,94362.27170396387,96370.36725266263
SC04,877.7851239669421,944.3515750133475,1025.3357438016528,1103.683604505632,1213.1057988165678,1328.5397248113625,1460.5199503824686,1568.2523616734143,1750.867194371152,1958.9923224568138,2178.3951261966927,2528.598233995585,2908.482242546621,3342.609424083769,3950.4955032860603,4151.252768415984,4449.51096183657,5035.487525917999,5773.124674402085,6907.237559119885,8136.088784625103,9268.7536707959,10112.79988125719,10786.300519818065,11908.502547727425,13267.21697079115,14843.324052590873,16341.549295774648,17848.3747048163,19301.290745587892,20366.421068205356,20535.371924113977,20965.48059280169,21857.006235280925,22972.81042411855,23683.25814133355,24539.346345547292,25586.531759002515,27471.087703153215,28817.53207559616,30192.91251314081,31487.32650747744,32627.792443674174,33638.483318472776,36765.19978401728,39868.4050518719,42629.70370988813,44278.977023978616,46884.89135776832,43780.87617976916,42824.87036495575,43681.04789992882,44282.19767125434,45297.882911317305,45960.274092133965
SC01,966.4104683195593,1025.9877202349173,1098.434917355372,1169.2775969962452,1270.975621301775,1374.9889036839768,1496.2642133553857,1592.6180836707151,1762.4766930518908,1953.4414587332055,2156.01015375689,2484.5153876119984,2831.8128043710653,3194.526910994764,3753.647440332065,3934.006740491093,4208.0395659555625,4738.784964216441,5414.027942221171,6396.811073411475,7463.1294775782735,8488.054735425654,9192.712419755835,9733.32564435781,10733.216930497994,11937.85260171513,13338.377107501932,14667.904453749525,16004.93959031248,17358.849560732888,18308.270454209203,18476.490101294727,18920.794777699364,19751.64061904228,20798.03653551354,21972.189041765043,23549.217729060394,25263.841636520556,27814.14613140714,30130.9151851974,32565.73975017006,35139.82247445754,37016.50817331022,38712.062480869805,42657.38876889848,46401.511953089765,50966.4528185131,54194.12315147465,58521.28034472017,55284.80466377145,54276.14069269823,55568.539543713356,56502.353566922575,58082.179532816,59791.70127037084
SOMO ,44.96969696969697,45.468232781633745,44.788223140495866,50.6793491864831,59.87597633136093,64.1588992454505,68.83502170767005,76.04588394062078,82.04045734388741,92.51439539347409,96.13272410791993,96.33489157252305,96.95973393514669,104.61015706806282,122.86086129367001,132.12710640346654,151.3789030781723,168.675406327336,196.914397347857,249.9214990746453,304.2692411801859,372.2485851110144,424.9142825336747,469.08176304959943,528.9685440586995,604.9711780256624,690.2877030162413,775.7689379520366,879.4881651930363,982.6920465441729,1060.322532919071,1096.6770471494158,1117.5640084685956,1171.0327464393854,1246.1650485436894,1261.7976064479362,1247.864140804486,1217.8693648199496,1208.84996180025,1210.9597117319172,1194.446261826727,1185.0806603979247,1155.1905164644713,1160.0261235244798,1261.207343412527,1264.428958051421,1262.6659725564539,1240.3555852619268,1268.3284186481155,1228.302220368641,1214.9122564525135,1205.5367300586463,1226.9889170178203,1239.1955195899286,1244.6554600282304
SC02,1141.3250688705234,1226.166043780032,1327.918388429752,1426.0225281602002,1563.5654437869819,1710.23080337328,1878.5249121356214,2017.8542510121456,2253.635883905013,2521.4798464491364,2805.021032782129,3254.4238410596026,3739.919705428198,4295.0073298429315,5075.642338291249,5333.130476649013,5714.921015723038,6463.5169553876,7411.196069145159,8871.38165741312,10455.545971307409,11916.99149087743,13006.378121637166,13874.758068009533,15321.757184591343,17075.6752853182,19106.00030935808,21031.84240578607,22969.648250864953,24834.209500609013,26190.38319278,26390.311754560695,26865.316019760052,27963.996030054954,29916.530403679102,31264.61296100301,32869.47418324832,35015.53078575757,38052.12310737602,40681.15546357069,43645.01649557851,46228.4722484631,48798.1682357019,50693.338700876986,56187.07235421166,61617.06089309879,66543.30005205827,70074.0205530955,74583.5474682449,69809.35836876795,68253.06685096091,69487.36906335808,70234.65460512754,71615.49160318628,72299.43385089182
SI00,6957.1625344352615,7303.703950880939,7705.371900826446,8107.782728410512,8796.675976331358,9614.824678206835,10785.089931775894,11647.74628879892,12974.001759014951,14389.380678182983,15902.37641427328,17972.391507596418,19599.341489488063,21622.04387434555,25048.12651331719,26346.53057294174,28087.841071824023,31407.30131763762,36024.90018943879,43278.148519432456,50373.241180185876,57633.52491391935,63650.55909310178,67051.44054580899,71924.0100550309,77352.18015345927,83209.17865429234,88156.55310239817,93069.91556373221,98679.54995205639,102924.54307836466,103963.85347487066,106075.63288637967,108889.09079286756,114076.17654573327,117405.55179923472,121607.62238619992,126589.65172521438,134045.37545145157,139418.41403080575,144269.70530579434,149045.6634499397,150383.13527902946,149664.74801378703,158284.2235421166,167921.51059990982,175790.23701244488,183834.52552427104,198107.6491191638,188256.48703047226,185469.92966694135,189429.50513576734,191557.07579143543,200124.1553430314,205269.703580136
SU30,5873.0716253443525,6054.360918312867,6279.1890495867765,6647.213016270338,7142.370650887572,7536.262760763426,7772.5821790365935,8582.165991902833,9398.740545294635,10138.035828534868,11416.64258775747,12941.860537592522,14167.427960565388,16760.974240837695,20221.21350743687,22532.787674530573,24660.799069904777,26716.58216841683,30032.650485436898,34582.60394818014,39225.20978074529,43611.32208018364,46841.07811050503,48768.055663850995,51295.38249881105,54431.3492810626,57493.69497293117,61731.7396269509,66474.47265088692,69688.64591701869,70769.23805296642,71177.11545655501,71877.5343683839,74428.1485701469,76208.21665815022,78209.82542945535,78429.85201121452,80080.19097636668,80700.18526878733,83150.30830502325,87221.87250324656,90287.14796459663,93147.12676603119,96829.20449010552,103941.37796976241,109042.32882273344,118548.38786354841,129546.83532458852,139048.18340082373,136388.40267641004,144577.99128146516,149070.47181260385,153761.19603849357,158688.64326791491,165885.42948800203
SU60,0.0,0.0,0.0,0.0,0.0,0.0,0.0,0.0,0.0,0.0,0.0,0.0,0.0,0.0,0.0,0.0,0.0,0.0,0.0,0.0,0.0,0.0,0.0,0.0,0.0,0.0,0.0,0.0,0.0,0.0,0.0,0.0,0.0,112.0335090276999,190.17118037812978,267.8067858015143,326.8292122580896,332.37717832418235,333.4104042228087,359.112190375672,367.47393482159424,386.3957882192219,439.9561871750433,525.6581584445656,729.524838012959,1284.5845737483087,1755.3556168904518,2876.0023393767233,5281.108953725816,7336.199080664024,9403.626830759418,12900.26129699312,16853.8036728871,18608.656541446166,22229.405877069163
SU40,2866.0881542699726,2995.5888948211423,3026.126033057851,3056.5887359198996,3108.766863905325,3355.5259653794938,3564.280545792847,3708.711201079622,4158.986807387862,4564.660268714012,5007.181026979983,5587.269575379821,5913.614443520608,6675.694869109947,7714.819958491871,8386.883004333173,8848.758249058832,9872.332686776805,10954.015510300735,11868.474141476456,13691.962104123433,15710.14948351605,16962.322089873465,17422.29976175006,18113.899313812075,18180.41253465729,18567.969373549884,19833.288922725544,21287.278131693118,22607.69658175033,23034.586970459142,23502.840916267887,24002.62117148906,25383.40222047774,26469.88375063873,26712.71061629895,26839.362738989916,27298.123363387625,27968.989008890123,29166.87464955968,29857.257204254533,29794.706425218366,31062.892727902945,31849.09261009009,40348.277537796974,43007.60487144791,42873.81714779636,43236.85921965077,49424.92101893192,45770.810176160725,48990.25685122672,54151.00145767654,55164.76799129194,55147.30213499767,56416.92698575644
SU50,1227.9063360881544,1227.9375333689268,1209.8811983471076,1206.7163954943678,1185.79124260355,1222.9027962716377,1233.255116807939,1252.1187584345478,1355.834652594547,1434.1273192578376,1536.283724978242,1704.742241267368,1760.7639862216415,1944.120628272251,2282.174334140436,2704.8242657679343,3209.52668487488,3662.3480703631867,4015.056239640067,4280.567139625746,4870.46034467202,5476.225274072902,5765.870755872203,5861.022633744858,5985.75698077315,5868.90618350635,5867.531013147718,6155.403502093643,6473.137596792794,6699.154067432036,6649.583271687134,6638.9902591881855,6596.102893436838,6879.5888303241,7128.45298926929,7070.619474069853,7066.516763365913,7173.820665846448,7243.926239755521,7588.3131864507395,7726.467024302765,7653.472539131193,7922.266620450606,8038.006134969324,10232.111231101511,10860.144339197115,10889.898977497078,11396.821789623194,13493.935070778389,12761.624976200621,14617.708699928233,16234.155869690501,17086.831537021615,18836.053853516536,21163.36199153086
SU20,2358.8650137741047,2431.51708489055,2535.8522727272725,2764.079098873592,2956.144852071005,3263.0936529072346,3619.5358693405005,3928.778677462888,4111.620052770449,4754.160588611644,5289.599651871192,5722.754966887417,6381.53034802233,7615.803769633507,8831.244725008648,9174.603755416465,10280.391156713664,11282.856665106014,12954.164930144449,15737.494807731855,17755.701524857894,19335.520164641628,20440.537570967383,20291.454732510294,21342.70235749711,22872.827906376937,24103.443774168598,25436.872858774266,28105.754434620238,31146.13631533936,32095.761700448787,32520.02040469308,32830.98955539872,33792.06560502411,35689.5605518651,38275.39461043719,40198.86832677855,40871.11783609086,41426.55905334074,43110.00816319799,45798.07685053491,48253.081372534776,50021.03256845754,52553.68643785848,55972.56803455723,63603.658096526844,71628.02974196781,74325.54733060407,76151.32398850932,76985.4896325376,84234.86999282317,86880.39025051698,86076.32274237838,86760.1807826479,87465.8067496471
SM01,3821.1101928374655,3972.8606513614523,4112.277892561983,4105.179474342928,4345.020591715976,4627.208166888592,5032.761008889808,5223.265856950067,5514.666666666666,5815.454894433781,6002.699013635045,6424.9977924944815,6882.902007364295,7362.650261780104,9936.541335178139,11239.553201733268,12663.065697202333,15775.08180054846,19788.0336253848,22585.7672218795,27792.127763241002,43446.99754620652,43548.03243163011,36835.41542126923,39030.74271349955,40541.933586949504,35734.15003866976,33909.36429387134,37640.87195892141,38043.36999507606,41691.78478078612,36888.0566473146,35963.43542695836,35461.930043736684,35989.978283086355,38625.96621346576,40161.911237880144,46417.67192463779,47536.921551604384,45368.68044790395,51270.88051140932,62408.85367767815,73154.0205476603,80366.26414968792,99587.19546436284,139649.30311231397,164476.37502578358,172457.0981702732,185151.75277748937,161317.65551193594,167519.72265490022,184626.87535170687,197495.34147789588,215409.96337517898,246071.3378673168
SM02,235.36088154269973,249.78003203416978,267.08161157024796,285.5088861076345,310.9538461538461,332.7563249001331,358.847426090552,378.2118758434548,418.7159190853122,464.2680742162508,517.3075137800986,598.9718218413193,677.1692600071267,766.6803141361256,926.7949671393981,1028.8415984593162,1189.7206023473832,1456.957929235503,1736.1559318020365,2093.8674172321616,2533.47577370748,3060.7805437922984,3439.965193513674,3653.1616850768905,3962.5177661525913,4260.5559352633945,4508.511059551431,4648.205177007994,4775.76033829425,4907.855858190582,4955.983626769246,4904.212305973231,4917.146930134086,5023.389727486823,5271.729688298416,5290.281588374176,5367.133406020015,5478.268285068953,5582.726298791498,5688.7530921204525,5827.331782202709,5893.961442876452,6051.230724436741,6230.572934271988,6912.923326133909,7887.414975191701,9228.559017375674,10128.04077199432,10641.405946076904,10149.609236878608,10382.393556790092,11479.187497881287,12755.38736836897,14582.328436839982,16118.639804953162
SB20,1277.6942148760331,1373.6425520555258,1490.594008264463,1607.88986232791,1775.754792899408,1928.0292942743008,2136.8513541451316,2317.537112010796,2607.338610378188,2882.902751119642,3146.0085581665217,3563.312037397741,3946.6948568713624,4326.190680628271,4865.109650639917,4962.403466538276,5188.03425112571,5687.343053976323,6274.130949561923,7182.559428336419,8202.662095100604,9119.539438793685,9825.04248766188,10356.886722980293,11092.463822270533,11893.194790121863,12970.052590873936,14173.241339931481,15162.96927343621,16203.998134086609,16988.075159047195,17346.237811839583,18009.50105857445,18870.498732757653,20225.215891670923,20971.856712529512,22141.474008021494,23897.013937602143,26105.338727601054,28158.870840067284,30348.418248716844,32704.773787550686,34958.03261005199,36913.87795270351,40827.27213822894,44681.715381145696,50385.54911648283,53991.59194586014,60727.987021077766,61046.37297478625,61622.6839265304,64660.83785891048,66272.61736498801,69610.22231187261,71621.83498011035
SB41,1032.6969696969697,1135.8200747463961,1244.9328512396694,1377.9304130162702,1625.2932544378696,1861.5401686640034,2107.0384535869343,2299.5344129554655,2568.4854881266488,2870.2591170825335,3186.4854946330142,3595.372289313076,4069.675733460031,4658.915497382199,5425.577741265998,5544.444872412133,5746.6664944268105,6253.451541702897,6790.639947904334,7902.690160394819,9231.089055309934,10644.263347449243,11696.90593342981,12646.824886289802,14148.59922549086,15805.520149590557,17730.04392884764,19546.640654739247,21117.31355373716,22903.502474926787,24513.96952211866,24960.10921369058,25078.257586450243,25791.97546259953,26854.345937659684,27891.255597166815,29658.385206962346,32025.88302697541,35053.01111265453,38581.31823279132,41913.55293426505,44461.10068743006,45811.66009012132,47447.96434797652,51592.2667386609,56597.416779431675,61769.62532781975,66746.61642576657,70740.7279271796,67599.98594703391,65856.9978469472,65495.97328723009,66868.8531092548,71312.1072165927,75628.64108815603
SB42,1561.236914600551,1674.6481580352377,1808.904958677686,1952.448560700876,2140.7204733727804,2359.276520195295,2614.6382054992764,2834.95951417004,3042.772207563764,3284.8777991042866,3583.7420945749927,3971.0012985326584,4322.452547808529,4729.8845026178005,5435.653234175025,5611.768897448243,5867.181737654093,6475.385057855662,7147.202581103482,8287.475529508534,9537.972029233963,10717.768670598014,11649.05306319344,12291.103205544729,13456.128337522927,14845.126313753302,16357.851198762568,17832.293490673772,19305.637734087537,20668.58299427268,21644.0854169749,22057.221172298203,22600.151587861677,23625.77265896602,25008.334184977004,25994.494117886512,27026.3977454149,28465.492994472705,30161.14660022225,32238.315989973282,33957.80463484015,35165.561643437446,35967.18211438475,37151.614322026,40093.39416846652,43518.81100586378,46549.50205777486,48201.98278887125,48370.107015540096,44608.28127691596,43182.306876478564,43041.08383335029,43731.18680267509,46224.389504576124,48386.01616835621
SB43,108.77410468319559,120.01841964762413,133.01652892561984,147.01576971214018,164.50461538461533,185.17532179316464,209.1585693611743,230.4655870445344,249.21723834652593,270.91298784388994,296.98418914998547,330.46721205038307,361.81779308706496,398.6246073298429,460.3146835005188,477.05151661049587,501.3140178637337,555.2788442244666,615.0407293393323,715.1413736376722,826.2470450239106,931.4871571615151,1015.953245018368,1074.260125622699,1178.7226034377334,1298.421690631246,1432.753286929621,1562.969166349448,1698.4242682190124,1821.5968590457926,1907.99033387582,1945.3084266524158,1989.2875088214535,2080.0998990691937,2206.7437404190086,2295.6261092566965,2400.2825824539545,2542.772756486769,2734.3449090151407,2941.9151357234737,3256.262027703915,3566.647361460317,3722.365421143847,3879.89393556286,4186.361771058315,4549.495714930086,4832.285750768597,4940.251315899407,4911.124839926626,4466.183123747699,4278.081656521624,4255.442828570461,4392.30755275549,4685.822602972701,4906.614654176825
SB45,21.90082644628099,23.324612920448477,25.165289256198346,27.089862327909888,29.629349112426027,32.46782068353306,35.900351457514994,38.64372469635627,41.63940193491644,44.869481765834934,48.44966637655932,53.485131801064796,58.23779546264402,63.749214659685855,73.38567969560705,75.48001925854598,78.7758175241751,86.93385057855663,95.69950272318258,110.5218486530948,126.6891635838672,141.97387897257295,153.96140858658947,162.38065843621402,176.10462667300766,192.8481526855374,211.44872389791183,229.31861438903692,247.79230051073642,264.63155985176354,275.84356660255463,280.07918964218914,285.4107268877911,297.7032858584726,314.9195196729688,325.8559798094928,346.4325376737666,365.40845070422534,380.54337407973327,427.0267818859461,455.9109980829881,484.4204078073452,505.1858024263431,518.53213206819,567.8585313174946,620.3450608930989,671.051626084138,713.3006934581001,712.1057695635621,653.6587577177983,639.7813189442068,632.7512119054884,635.5433464998722,675.7069539697984,747.6371102271269
SU11,5873.0716253443525,5833.95808862787,5851.229338842975,5827.820775969963,5934.048757396448,5990.390590324012,6050.926193921853,6141.713900134952,6405.656992084432,6693.570697376839,6995.457209167392,7413.933255421374,7673.7588787266895,8372.65287958115,10358.508993427879,10831.605199807414,11546.683029453015,11919.432011236708,12901.992304049256,14664.329169237099,15998.811874041327,17624.121067004395,19195.402686556088,20194.70359540828,21041.39323323595,21065.94274292346,20976.363495746325,21971.80624286258,22172.699351968804,22610.84904242361,22395.754796074372,21986.130735783518,21985.04516584333,22981.829314791972,23013.01992846193,23042.603171049417,23401.710739457187,23050.428778669408,23256.008351854423,23281.783782446648,23487.293070929445,23942.975714680193,23873.122606585788,24063.83298510839,23871.974082073433,24028.62922868742,24292.48538930743,24611.98295596959,24886.30758315163,24649.2796721579,24499.490896042105,24454.97162615682,24562.03855954217,24759.803175205867,24905.344796612342
SU12,3646.4876033057853,3627.420181526962,3646.2706611570247,3639.7817271589483,3716.9401183431946,3757.5676875277404,3798.257184205086,3859.871794871795,4031.591908531222,4217.268714011517,4432.684508268059,4740.60148032723,4942.623114384131,5431.58670157068,6754.6405223106185,7099.273952816562,7654.922492064664,7988.56812253361,8667.214776225434,9873.184351223526,10787.182531805469,11896.214825661931,12959.325466622138,13740.757743123244,14474.78558325973,14764.67534979689,14889.001082753286,15808.435477731253,16141.050853973307,16678.793738823955,16728.37599250382,16641.842932445892,16875.940578687365,17835.60165975104,18020.779253960143,18345.171334364568,19024.38458393365,19168.460253043686,19793.949367967773,20114.064448035882,20555.76819615361,21207.071591553187,21427.699466204504,21913.59243043264,22082.386609071273,22570.40775823185,23320.791924093155,24114.685938674913,24993.798013359636,25309.777691143,25834.406847239577,26285.339570832915,27012.21243207138,27770.38569179778,28495.29680482484
SB44,797.9201101928375,784.4746396155899,778.775826446281,767.0387984981227,772.0605917159761,769.1300488237904,765.3018399834609,765.7354925775978,785.8856640281442,807.6506717850289,833.3035973310124,872.5629139072848,891.2241358831216,958.8496335078534,1168.6067969560706,1205.900818488204,1268.055510445117,1289.7660357166747,1366.4756097560978,1520.3935842072797,1626.0492646395383,1756.8874025408638,1878.9053397157593,1949.2129088152485,2000.8169712616343,1975.3136888258427,1944.6097447795823,2019.008374571755,2019.507249162502,2040.8680125430842,2003.2943729348524,1951.646610148906,1933.3840508115736,1999.8147583267917,1978.3405723045478,1962.7782097207523,1973.347864179744,1922.1659658078852,1914.10470204195,1892.311669250305,1886.9692968894938,1899.6123214207857,1872.105233968804,1865.351117203199,1827.4146868250539,1814.005412719892,1806.67745484191,1803.0903166513494,1796.541965181878,1753.9067245709311,1718.5272852927887,1687.9494220143058,1668.8120016162682,1654.3753609087385,1633.663030925189
SB46,32.85123966942149,34.83929524826482,37.747933884297524,40.482603254067584,44.44402366863904,48.779405237461155,53.538350217076704,57.577597840755736,62.38170624450307,66.91874600127959,72.52117783579924,80.76717309440333,87.51158094785605,95.7006282722513,109.62737806987201,113.4424650938854,118.75160552151769,130.40077586783494,143.4001894387876,165.7071766399342,190.18749436073267,212.9608184588594,230.9421128798842,243.329109811566,264.15694000951146,289.52311561029074,317.68631090487236,344.1511229539399,371.6884507661046,396.3343613133957,413.33136065492926,420.3757378482766,428.3686661961891,446.80426152293376,472.46167603474703,489.4343808515835,496.18908920992175,522.6246028976991,573.9783476871787,652.9885550314983,755.380418650671,818.2589707442557,923.6024679376083,1018.7185366567743,1120.4060475161987,1235.9124943617503,1355.3427987702464,1444.515331272454,1496.0673519537604,1406.9961105016455,1411.294941654927,1434.226651750907,1506.9323063982781,1664.2438121455184,1825.775952778134
SN00,3244.972451790634,3414.5461825947677,3626.198347107438,3842.499123904881,4149.806390532543,4410.963160230803,4741.343808145545,5019.493927125506,5475.349164467898,5930.481126039667,6442.119089062953,7235.598104142319,7880.224254662074,8663.134240837695,9987.670702179177,10500.620125180549,11283.460101867573,12752.276101932983,14531.716078617099,17076.154791281104,19580.70197599928,21745.928127597264,23167.6710453078,23997.99079488846,25266.7586113187,26298.600554516728,27647.60494972931,28769.440426341836,29698.08171783184,30510.565216264542,30740.500073975443,30169.924745548622,29927.545800988,30427.403454076484,31332.76188042923,31382.825185215337,31680.74138468128,32302.361128964138,33333.92302750382,34515.897209670504,35780.82473254592,36591.54243027599,37046.9079237435,37848.145495921104,40370.94384449244,43669.45557059089,46315.05795165457,47271.49402623444,47196.21766517842,43395.84032203958,42099.84208287925,41939.35563917422,42959.54616672302,45880.26251216213,48586.28615424098
SO01,201.34159779614325,208.59289909236517,221.69421487603307,232.09011264080098,247.06556213017745,264.55836662228137,285.7980152987389,308.83940620782727,338.2233948988566,379.61740243122205,437.4268929503916,489.8436566679652,538.2349447677872,608.4593717277486,763.632134209616,812.9301877708233,851.2491326492951,932.9812052705505,1016.3227563343596,1206.971159777915,1451.8516647117208,1705.4179364388335,1871.7034027236632,1910.3512020792728,2074.1393437054144,2352.145334966793,2625.1461716937356,2903.0281690140846,3090.9471964413196,3362.6247181693316,3617.2135917542046,3806.16484077052,3987.4993648553277,4188.623729954021,4452.378640776699,4777.269803793862,4929.593610061914,5063.471729988799,5241.407678149742,5438.840001319304,5747.629243707873,5883.480823172062,5916.799667244367,6029.376402326231,6524.443844492441,6891.130356337394,7408.0469801294585,7739.120060155402,7812.486588447028,7607.441272201419,7807.248717471626,7993.822977050071,8015.792218822928,8087.759700040343,8251.85474143462
SO02,206.74380165289256,214.20261612386545,228.58471074380165,239.5474342928661,255.24449704142006,273.10252996005323,295.63158982840605,318.92712550607285,349.52330694810905,392.10684580934105,453.06570931244556,507.26100506427736,557.7508017579285,630.7331937172775,791.4525250778278,843.7746750120366,883.1415811618809,968.7338639555884,1055.2286289367748,1254.5968537939546,1508.123793196788,1772.627300431393,1945.323203087313,1986.945852285034,2158.2636728038588,2447.6494938422848,2733.094508894045,3022.363913208984,3219.03138557856,3502.909218130458,3769.1098288701487,3966.8463575193728,4156.051658433309,4366.647302904565,4642.549821154828,4982.149312057315,5140.088333787626,5281.827496924178,5388.342339213779,5622.099096276262,5863.67364417785,5945.131527315535,5928.5623847486995,6003.449795722821,6449.8401727861765,6741.9788001804245,7193.982850239174,7484.771660121982,7583.42785449763,7263.877530667198,7347.544456553522,7565.860266449711,7655.402087954679,7677.514084339923,7755.258308738611
SO03,121.9146005509642,129.31873998932195,140.80578512396696,150.82052565707133,162.80710059171594,178.49533954727028,195.73495968575565,215.1012145748988,228.16534740545293,246.55086372360844,271.37946040034814,291.3167121153097,310.0852832878014,342.4024083769633,418.358526461432,433.0091478093404,442.3791245294161,470.7186141395225,497.57778830215494,570.7523647953939,669.5768293783273,766.8478252265802,824.861850161416,823.0296729478018,868.7391806508593,937.8140434586368,1021.1467904098994,1094.8058622002284,1165.4963205008512,1243.1203254982247,1297.801449918627,1325.3655597930383,1325.6865208186307,1355.3727486822922,1424.6359223300972,1500.3358910689572,1553.0011487091624,1627.2665772995208,1822.8438845673008,1999.3047264091822,2165.538247480057,2233.7591378784136,2265.774363951473,2317.6263657293425,2552.586393088553,2792.373928732522,3072.4673653606264,3328.736569471134,3483.980410480047,3237.1533223931747,3130.108290582388,3099.4060815620874,3109.386312846859,3245.310678152464,3365.914025407417
SO04,126.73278236914601,131.38547784303256,139.75723140495867,146.55919899874843,155.70840236686388,166.99955614735907,180.4382881951623,195.39136302294196,214.0791556728232,239.76647472808702,277.2056861038584,310.58369042981434,341.3726095735836,385.7211518324607,484.22518159806293,516.2002888781897,540.4079870081937,592.3666644371615,645.151787828558,766.6980773185278,922.9551565460616,1083.8493687418372,1189.4399050057516,1215.03303010613,1319.311705958285,1496.6220903991227,1671.060788863109,1847.8854206318995,1967.8547696194187,2141.571617384093,2304.1357202742024,2424.2695362790587,2540.5764290755114,2669.190041493776,2837.7363311190597,3044.249328339982,3141.6739223550485,3228.171658372661,3337.267328795666,3451.6685081961805,3609.5423597798535,3668.062769776331,3686.0079306759094,3808.9369069640547,4193.717062634989,4501.420838971584,4950.846634383994,5235.165176706492,5261.898522133389,5101.070292029701,5076.056165439516,5223.521068510798,5315.261324185475,5310.495566260867,5237.678942640831
ENS1,0.0,0.0,0.0,0.0,0.14797136038186157,0.7096069868995634,1.724752475247525,2.774422735346359,5.579617834394904,10.621276595744682,19.170322580645163,22.63636363636364,26.25704622322435,28.557926829268286,32.06434316353887,35.49794238683128,37.92325056433408,37.35802469135802,43.852941176470594,57.34743040685224,76.17165575304023,105.48387096774194,125.39584093396572,156.89312726076946,227.3228951255539,289.07004830917873,343.04896653543307,408.3369734789392,513.6806820383646,718.7183644695101,1053.4436755712904,1178.1835405565423,1419.9614537444934,1702.33204034135,1894.2251113518716,2148.5635915808325,2446.810384454659,2983.5871691599536,3898.7427363972533,4826.404268774703,5787.3090727103745,6139.993704666758,6699.013884297521,6877.076305724497,7501.239803262955,8252.821020649299,8809.10559566787,9199.530446816923,9799.601024339818,9627.825642896227,9224.551749748787,9661.228032255382,10281.425190900412,11240.507781736358,12045.706366019172
ENS2,3.1157556270096456,5.6083086053412465,7.621169916434541,9.555269922879178,10.801909307875894,11.779475982532752,17.645544554455448,26.987566607460035,40.21974522292994,63.61702127659575,100.4567741935484,129.98303030303032,158.50056369785793,189.82621951219508,236.70062555853437,273.97530864197535,299.92475545522944,307.39917695473247,343.343137254902,403.23875802997856,481.5631431244153,584.4516129032257,647.0051076249545,708.8931272607693,815.2165435745937,929.1062801932367,1068.6658464566929,1271.3837753510143,1572.525479558225,1912.530489954177,2306.880753138075,2611.135583185317,2924.174008810573,3313.195241789501,3745.9559407728416,4298.065606806986,4965.977016297534,5878.93670886076,7178.954041204438,8856.661818181818,10815.162937012941,11930.967770630901,12186.810247933885,12260.313248479528,12682.976847408829,13589.230912057614,14885.207952856234,16499.2469849743,18147.012216896906,18719.28980485136,19784.639215343614,21113.152548008973,22400.310610881323,23753.5551471967,25063.137697030626
ENS3,13.938906752411572,27.08011869436202,40.8050139275766,74.7737789203085,109.94272076372314,139.36681222707423,184.54851485148515,221.07104795737123,237.36624203821657,275.3787234042553,308.6529032258065,304.4339393939394,322.36753100338217,333.32317073170725,367.0956210902591,403.6913580246914,444.9209932279909,446.54732510288056,492.40196078431376,586.7906852248393,687.523386342376,787.2258064516129,897.672017511857,986.194015126603,1150.7769571639585,1328.0797101449275,1499.3917322834645,1796.1326053042123,2115.426080217012,2553.45400070497,3011.9488252333435,3290.5719360568387,3437.197136563877,3779.0540470649084,3898.5954014686404,3975.674429019256,3816.8344128708727,3965.670310701956,4150.95615425251,5213.101660079051,6277.526560377493,6844.64821404133,6998.817520661158,7151.94056053671,7571.169025911708,7970.263433297698,8442.936770014865,9109.808471727956,9668.449205901701,9832.045048331207,9874.21110577133,10000.352481503032,10174.914492523067,10617.42358897431,11077.266884492477
RD11,122.17041800643085,135.8813056379822,151.1532033426184,161.8329048843188,171.3508353221957,181.8013100436681,192.24356435643566,207.70337477797514,222.71974522292993,246.8340425531915,275.45290322580644,295.48,321.6009019165727,356.4878048780487,400.722073279714,440.7530864197531,487.0579382994732,510.34979423868305,576.1960784313726,660.2649892933619,764.5523854069223,870.9032258064516,960.7442539219263,1056.986517592897,1173.0150664697194,1288.707729468599,1418.8833661417323,1705.625585023401,2275.2439449719045,2786.3228762777585,3317.574187318957,3938.5245707519243,4604.818281938326,5277.5412464442725,6066.228722763933,6911.234214061799,7714.667154199748,8665.119390103568,10006.127839408347,11596.901660079051,13390.97461928934,14721.537224579171,16516.996363636365,18757.958367295752,20810.459452975047,23364.764361672194,25744.970269696325,29547.78494464215,32121.01202894465,33851.99343425133,36167.21665428808,37444.85227367195,38640.910356347435,41467.847365460344,43643.49775591541
RD12,468.0192926045015,502.8249258160238,543.0083565459611,565.2776349614397,601.9474940334129,626.8668122270742,633.780198019802,651.2326820603907,657.4649681528663,685.9574468085107,725.0451612903227,727.7842424242425,741.6178128523111,772.5670731707315,825.0402144772117,846.7901234567902,878.4800601956357,878.5432098765431,943.2843137254903,1029.8447537473232,1140.398503274088,1239.483870967742,1291.76431959139,1331.7461361394276,1389.2490398818315,1449.0338164251207,1511.1555118110236,1659.1887675507023,2038.1922108118579,2300.4733873810364,2564.159478596717,2825.8851391355834,3033.6178414096917,3198.9645720196536,3354.5836041892376,3449.133452754142,3515.8019222732964,3542.899884925201,3761.2255678816696,3996.2151778656125,4212.676342317866,4248.21376762009,4253.294876033058,4433.200326039249,4514.472768714011,4701.7619422719845,4811.206094712253,5066.543100039541,5292.747627102716,5347.35035564472,5482.157979815632,5546.084961343419,5524.435252943047,5728.754997187324,5880.15080248465
RD23,18.038585209003212,20.51038575667656,23.18105849582173,24.87403598971723,27.37470167064439,30.229257641921397,32.637623762376236,35.815275310834814,37.894904458598724,41.0468085106383,45.08774193548387,46.68121212121213,53.18489289740698,62.685975609756085,73.00804289544234,75.76543209876543,81.48984198645597,84.23045267489711,98.00000000000001,125.26766595289078,175.7553788587465,215.3548387096774,244.67785479751916,289.64419598816175,353.8209748892171,429.2270531400966,522.1402559055118,683.05616224649,925.5031970548342,1099.0733168840325,1251.8047956227872,1392.5304914150386,1534.2786343612336,1634.0465477114042,1798.6129770073428,1990.0553067622031,2223.7260760551603,2562.6585155350976,2960.2958267300583,3365.83256916996,3798.230785729606,4214.872998494594,4500.122975206612,4905.346918302088,5312.051343570057,5822.309345636639,6120.435867487789,6499.392793594306,6862.4102997838545,7011.4415465985785,7341.806763073965,7705.841549588493,8197.190781100859,9135.638027376712,9819.272557538328
RD21,61.987138263665585,72.26706231454007,83.0389972144847,94.03598971722367,105.20763723150357,114.81441048034934,120.33465346534653,124.21847246891653,131.0047770700637,149.4723404255319,168.24903225806452,177.36848484848485,188.01578354002254,209.18902439024384,236.94727435210007,241.52674897119343,246.87735139202405,241.00823045267487,252.1372549019608,266.99678800856526,284.967726847521,296.06451612903226,291.8416636264137,281.65734955606706,274.02895125553914,262.43961352657004,243.85334645669292,247.8549141965679,285.4772330943615,303.8861473387381,317.28451882845184,328.60627590290113,343.61233480176213,352.72407551073184,379.8988804622607,416.7454097626511,469.4683451734224,545.08084004603,622.8420496566297,695.8158102766798,777.0745692428684,682.2509237717258,698.7897520661157,679.5483102388864,848.8783589251439,911.9490800652674,1120.3022403907412,1210.0820482404113,1336.9352034583217,1330.213022068211,1337.2432172659355,1401.7085377005567,1278.558900731785,1185.6697543596474,1182.687587519299
RD22,116.10289389067522,144.37388724035608,171.15877437325906,189.74035989717228,208.19570405727922,225.2292576419214,242.92475247524754,265.9662522202487,279.4458598726115,303.92340425531916,327.50193548387097,335.62181818181824,346.61217587373164,362.2347560975609,375.0705987488829,372.6502057613169,377.2761474793077,370.0123456790123,391.93137254901967,423.58137044967873,465.2736202057998,501.8709677419355,518.614739146297,529.9756658993751,550.2274741506646,571.135265700483,589.4143700787401,641.5444617784713,772.8874249176515,848.4501233697569,913.8447055037012,976.8004736530492,1045.2092511013216,1090.0387897595035,1182.4458890092692,1295.2805642633227,1439.7537609694941,1653.9951093210586,1906.4764923402008,2162.9735968379446,2868.397225995567,3842.832352538662,3871.997355371901,3917.476581603862,3666.7874280230326,3641.6176785010966,3674.394722871098,3819.6592032423882,3904.7935344422517,3990.3649461973378,4086.500240290095,4041.0501288552655,4105.354557747375,4423.208325520345,4812.628056443215
RD24,35.2572347266881,35.25222551928783,36.51810584958218,35.33933161953728,35.51312649164677,35.622270742358076,35.95445544554455,36.82415630550622,39.05732484076433,42.48510638297873,46.6941935483871,48.39151515151516,52.70574971815107,58.442073170731696,65.36193029490616,70.99588477366255,81.64033107599698,92.55555555555554,114.19607843137256,143.80353319057815,183.33956969130028,228.25806451612902,270.56804086099964,315.84347254192693,375.2756277695716,444.6256038647343,520.1183562992126,613.3369734789393,778.7862817283471,886.684525907649,980.2241712262631,1067.2255772646538,1157.4614537444934,1218.6009826739075,1331.090887203563,1464.7086878638602,1634.3700376096947,1880.365650172612,2169.59323824617,2384.933280632411,2612.525916922857,2653.7664568222253,2665.5629752066116,2705.4300583108657,2677.6835412667942,2749.4033646542503,2925.455192185177,3275.178183076315,3404.4017479560193,3356.690862666424,3344.3662021058144,3416.439604289633,3435.9817451479475,3455.6611288205513,3546.7658611899033
RD25,4.755627009646301,5.12759643916914,5.239554317548747,5.460154241645245,5.62291169451074,5.818777292576419,6.235643564356436,6.30550621669627,6.85828025477707,7.63404255319149,8.67483870967742,8.752727272727274,8.14543404735062,7.868902439024389,7.646112600536192,7.349794238683128,7.599699021820917,7.975308641975307,9.264705882352942,11.10813704496788,13.519644527595883,16.258064516129032,18.59102517329442,21.05623150279513,24.46794682422452,28.381642512077292,32.47293307086614,37.35413416536662,46.36775818639798,51.642227705322526,55.963952365626,59.90763765541741,64.34471365638767,67.10524954745281,73.34513061273624,81.47223466188983,92.52110321771833,108.58084004602992,125.59957739038563,141.47256916996048,111.87860155859012,151.97392910907348,134.9206611570248,136.7483854787134,169.8674424184261,183.60710065830187,196.0691229560416,196.49392052194543,210.82262005450616,174.15757796826557,161.67342391541786,135.3688585917366,98.5891266306077,74.20131258203638,61.473124842914075
RD31,291.8971061093247,301.8872403560831,311.5153203342619,318.35732647814916,331.4558472553699,338.05676855895194,343.4910891089109,346.0461811722913,351.86464968152865,375.06382978723406,391.2245161290323,402.3236363636364,430.5580608793686,479.47256097560967,514.8382484361036,512.687242798354,537.622272385252,561.4897119341563,635.1470588235295,717.4116702355459,811.3105706267539,861.6774193548387,865.7303903684787,881.3969089115421,925.9249630723781,997.6449275362319,1115.720964566929,1267.1622464898599,1588.1643092423947,1847.2594289742688,2024.962343096234,2207.16163410302,2359.856828193833,2567.0287044220327,2865.2194534729742,3160.184281236005,3409.046803175929,3547.5880322209437,3705.8637083993663,3976.713517786561,4161.2069779080575,4128.433967428493,4192.828760330579,4419.798984262336,4528.605446257197,4717.162437405052,4812.13357400722,4923.9941676552,4563.4178178742595,4170.096297647274,3907.0328542094453,3824.82866406185,3933.404788418708,4231.026064129008,4503.706150587052
RD32,188.25723472668807,202.37982195845697,223.55431754874655,231.44987146529567,239.12171837708829,264.96724890829694,294.4019801980198,356.2611012433393,400.5700636942675,453.06382978723406,480.43612903225807,461.8824242424243,446.46561443066514,453.1249999999999,469.4548704200178,465.14814814814815,477.4266365688487,481.87654320987644,531.5882352941177,604.7243040685224,704.868101028999,812.258064516129,901.5399489237504,993.9993423216046,1118.3539143279172,1262.8623188405797,1421.8855807086616,1648.1232449297975,2053.4194923464443,2288.980965808953,2438.0074026392017,2563.95026642984,2706.525330396476,2748.448926816654,2795.9537739256043,2789.5069413345273,2767.0757417467607,2772.536823935558,2833.259376650819,2937.0526482213436,2982.1853149352974,2957.361502668674,3079.5302479338843,3266.6454323155053,3512.062140115163,3917.9044055589934,4251.936079847102,4742.6868327402135,4934.968424020299,5146.420390297283,5025.26654724977,4712.012636129353,4403.618954820235,4574.454903431465,4644.030878604
RDOM,1256.6334405144692,1290.551928783383,1350.2172701949862,1363.9768637532136,1410.019093078759,1434.683406113537,1444.9445544554455,1490.6216696269983,1526.7229299363057,1621.8468085106383,1734.967741935484,1768.0509090909093,1832.531003382187,1937.164634146341,2087.717605004468,2179.135802469136,2290.142964635064,2316.6172839506166,2510.7352941176473,2778.104925053533,3123.4995322731525,3514.064516129032,3814.5913900036485,4064.034199276553,4382.534711964549,4724.033816425121,5030.60875984252,5544.530421216849,6774.494090292578,7687.54599929503,8517.402639201802,9333.513321492008,10002.670704845816,10149.07887251099,10547.760683760682,11010.098074339452,11391.364291684076,11919.781933256616,12602.810353935552,13388.231778656125,14109.375849002645,14074.743944163132,14409.255867768596,15293.848266348987,15766.194817658348,16743.012547122034,17492.074007220217,18676.612050217478,18815.43360586411,19308.00820718585,19872.80020970772,20596.52107407099,21254.26582882596,22824.272042002627,23765.45818821586
RD70,0.0,0.0,0.0,0.0,0.0,0.0,0.0,0.0,0.0,0.0,0.0,0.0,0.0,0.0,0.0,0.0,0.0,0.0,0.0,0.0,0.0,0.0,0.0,0.0,0.0,0.0,0.0,28.591263650546026,63.65278046890137,117.35530489954178,214.2953009333762,359.1237418590882,505.9196035242291,629.5753814326351,763.1123149151317,887.322212270488,1038.235896364396,1233.5687571921749,1517.7601690438457,1859.7569960474307,2291.905626653321,2657.735596003832,2718.2677685950416,2808.08251301022,2921.7016554702495,3111.914420750576,3265.7473455086006,3564.1891557928034,3878.2674090780943,4140.674083530915,4280.346585696186,4405.01853853188,4481.801423798918,4557.477367335458,4504.743671681447
RD40,0.0,0.0,0.0,0.0,0.0,0.0,0.0,0.0,0.0,0.0,0.0,0.0,0.0,0.0,0.0,0.0,0.0,0.0,0.0,0.0,0.0,0.0,0.0,0.0,0.0,0.0,0.0,45.925117004680196,119.14318930439836,201.85407120197394,289.5357257804956,388.2723505032564,468.2544052863436,559.5195241789501,636.2243890694593,699.6374832064487,842.4334517342247,973.4602991944763,1184.6592709984152,1463.9075098814228,1681.5640237363266,1757.4466265225126,2554.01652892562,3524.005893786444,4287.340451055662,5013.6450233500245,5706.872849861967,6510.573102016607,7415.392209378818,7996.8115994893315,8731.712918869325,9503.209909385649,10091.30746897868,11490.861803862741,12520.718107069762
RD50,0.0,0.0,0.0,0.0,0.0,0.0,0.0,0.0,0.0,0.0,0.0,0.0,0.0,0.0,0.0,0.0,0.0,0.0,0.0,0.0,0.0,0.0,0.0,0.0,0.0,0.0,0.0,11.513260530421219,51.03197054834334,107.3362707084949,195.48519472159637,373.5370041444642,576.046255506608,749.3700543056633,918.5563982183698,1053.167263770712,1167.951838696197,1271.9111047180668,1456.650818806128,1685.0973913043479,2071.5334238936157,2276.257219104968,2145.9153719008264,2050.4052918678285,1939.5723368522072,2002.433241433635,1914.966500318539,1875.4035686041914,1696.3780659712434,1616.851176363305,1603.4337017781465,1675.431041649347,1745.1566974228442,1918.2030376898556,2024.808875803382
RD60,0.0,0.0,0.0,0.0,0.0,0.0,0.0,0.0,0.0,0.0,0.0,0.0,0.0,0.0,0.0,0.0,0.0,0.0,0.0,0.0,0.0,0.0,0.0,0.0,0.0,0.0,0.0,17.01404056162247,51.306335981398945,90.31864645752556,136.4121338912134,191.88158673771463,227.47797356828195,261.7610550814585,280.2922836162272,295.4328257948947,324.8405766819891,368.605581127733,430.3011093502377,624.5663241106719,779.7652105526561,851.0716436293965,1319.1540495867769,1732.5108784249794,2074.750479846449,2504.747594666066,2829.739328944574,3077.9389086595493,3210.5854243022272,3303.5115812511403,3191.6796277687968,3127.52980297614,2822.66266306077,2615.747084192762,2589.220351154357
RD80,84.61736334405143,81.8813056379822,77.16434540389973,70.37532133676093,65.84725536992839,63.8646288209607,62.09108910891089,65.32504440497335,67.07165605095541,73.90638297872341,82.57161290322581,88.1309090909091,95.44532130777903,103.8871951219512,110.41644325290437,121.8971193415638,149.81188863807373,186.09053497942384,251.86274509803923,346.7612419700214,479.5187090739008,641.2258064516129,810.6435607442539,1001.3811246300558,1246.6599704579025,1537.2584541062802,1866.7647637795276,2206.1326053042126,2962.5293547762058,3701.738456115615,4575.4417444480205,5617.951450562463,6597.852422907489,7532.648564778899,8288.849644877813,8858.377966860724,9081.641036356037,9535.440448791715,10185.652403592183,11324.733754940711,12624.4890255237,13228.17065827289,13694.853223140497,14323.755219762994,14138.642634357006,14343.11742530805,14617.259184540242,15447.179962435745,15577.582652006391,15375.20846252052,15593.621914456724,16078.69515337933,16507.780583837095,17792.802550159387,19027.963951025096
AE10,1117.0803858520899,1158.0356083086053,1170.1671309192202,1192.285347043702,1233.6372315035799,1276.7248908296942,1265.570297029703,1313.1847246891653,1318.765923566879,1350.7829787234043,1354.8812903225808,1270.0509090909093,1211.6572717023673,1127.640243902439,1103.917783735478,1046.329218106996,1072.0842738901429,1036.8600823045265,1079.7843137254904,1156.5845824411133,1205.7544434050515,1291.2903225806451,1363.9449106165634,1452.1538967444917,1621.2726735598226,1741.123188405797,1937.5925196850394,2257.494539781592,2618.4751017244716,3167.9302079661616,3635.247344705503,4114.301953818828,4375.853524229075,4799.542798034652,5176.568436258576,5723.787057769816,6304.906498119514,6708.320195627157,7114.801901743265,7906.811225296443,8765.50182312147,9321.743875735596,10103.617190082645,10828.192990156122,11414.982005758156,12096.120632419961,13107.972127840307,13571.217378410438,13739.793534442251,13656.110523436077,13735.50089562672,13606.150469698227,13384.184298440978,13485.937746109132,13467.19672543176
AE20,509.34405144694523,559.5489614243323,603.8189415041784,644.1465295629821,691.3221957040572,741.8231441048035,795.5089108910892,849.8561278863233,835.3152866242038,870.2808510638298,908.7161290322581,872.2545454545456,866.770011273957,837.5518292682925,869.272564789991,864.9300411522635,921.3694507148231,955.4279835390945,1084.107843137255,1203.894539614561,1277.045837231057,1410.4516129032259,1530.3907333090115,1684.0749753370599,1930.9187592319054,2152.596618357488,2427.1373031496064,2789.4711388455544,3197.4547568300713,3740.3412054987666,4263.598165432893,4650.491415038485,4969.410792951542,5282.346521851565,5580.434091729865,6004.290416480071,6360.486941078144,6640.844361334867,6874.421553090333,7646.960158102766,8246.468434975335,8581.190707540714,9265.304132231406,9946.621731770016,10448.086612284069,11282.292072244414,12306.908260777234,12397.750840253064,12679.303073019453,12870.665329199344,13145.963563283673,13383.959431374176,13811.26034043907,14392.469229326833,15211.961365839647
AE30,355.1961414790996,362.45697329376856,377.0891364902507,378.7223650385605,394.6396181384248,430.02183406113534,429.9940594059406,458.7886323268206,468.5716560509554,490.5702127659575,523.9174193548388,526.7733333333334,545.5524239007891,523.5030487804877,531.1170688114387,589.7818930041153,621.7456734386756,650.0576131687242,702.5392156862746,757.3608137044966,841.0537885874649,924.8387096774193,983.0784385260854,1042.283459388359,1127.9964549483013,1217.7536231884058,1308.2915846456694,1458.0265210608427,1697.8418911063745,1966.3091293620023,2260.088670743482,2456.615748963884,2690.583700440529,2865.124385828808,3108.7116889370404,3351.7933273622925,3461.407647304638,3579.7353279631757,3826.9836238774433,4031.5405533596836,4316.743404589976,4549.427329957575,4891.1672727272735,5165.260016301962,5486.966170825335,5782.19428346368,6068.311531110639,7217.168594306049,7079.88755756038,6891.468356739012,6787.318144086678,6610.951533793332,6445.576280623607,6633.9937746109135,6812.190585616315
AE40,146.11254019292602,154.3086053412463,161.6323119777159,160.77120822622112,153.74224343675417,151.99781659388645,155.62574257425743,181.97690941385437,202.37738853503186,240.08510638297875,270.63354838709677,275.0569696969697,294.1939120631341,290.26524390243895,286.112600536193,303.2181069958848,306.1700526711813,333.70370370370364,350.89215686274514,351.04389721627405,385.67259120673526,388.1290322580645,362.21306092666913,332.7247615915817,356.6534711964549,392.87439613526567,443.7150590551181,520.7191887675508,594.9614415810888,703.984490659147,852.0511747666559,977.1225577264654,1105.671806167401,1233.944142746315,1383.6138196701575,1503.7812360053738,1564.047221061429,1667.8921173762944,1809.3608029582674,1994.4724110671937,2160.9321512833344,2245.915355138908,2333.7213223140498,2407.683240328547,2496.4365403071015,2516.5515669836263,2519.961244425568,2350.3803380782915,2322.7458415562446,2271.54112712019,2181.288129669273,2018.418156122703,1878.704064587973,1811.9426214138384,1728.6830634447595
AE50,186.28938906752407,192.1246290801187,198.94428969359333,199.29562982005146,205.82816229116943,209.75982532751092,208.96039603960398,215.3960923623446,214.11783439490446,219.28510638297874,229.18709677419355,226.86666666666667,227.49718151071025,224.48475609756093,235.63181411974975,250.59670781893007,258.38976674191116,260.59670781893,282.7450980392157,300.9903640256959,335.0893358278765,359.5483870967742,387.72893104706316,406.1795462019072,435.0593796159527,476.20772946859904,525.0812007874016,592.2932917316693,678.505715946522,789.5146281283046,916.176536852269,1013.3570159857904,1105.9196035242292,1211.603827256271,1310.8636090044538,1426.1480071652484,1525.6662139573755,1582.8357307249712,1676.1542525092445,1785.171699604743,1910.5289197111604,2033.8751197481868,2175.8776859504133,2269.5673709950465,2348.9611324376197,2411.330219996624,2500.576927160756,2691.3797449584813,2672.668875105723,2631.369323363123,2532.9435536720694,2442.6090281818933,2379.2268533248484,2404.174235889743,2417.4241499407563
RR10,41628.0,41994.0,42332.0,41799.0,43978.0,45322.0,48081.0,50238.0,57901.0,65517.0,72426.0,86483.0,104230.0,124800.0,146610.0,158279.0,171195.0,199319.0,224240.0,257625.0,289554.0,314351.0,336475.0,351530.0,369490.0,391724.0,424034.0,440580.0,454846.0,460335.0,467309.0,473884.0,488577.0,498360.0,511973.0,526314.0,548908.0,583736.0,624935.0,653139.0,682455.0,713874.0,749688.0,781079.0,847011.0,932599.0,1000967.0,1032868.0,1046023.0,1045984.0,1041099.0,1028452.0,1054570.0,1087086.0,1173448.0
RR20,2005.0,2246.0,2458.0,2701.0,2977.0,3233.0,3608.0,3988.0,4517.0,5097.0,5620.0,6289.0,6973.0,7969.0,9305.0,10266.0,11640.0,13435.0,15496.0,18249.0,21164.0,23955.0,25337.0,26326.0,27686.0,29853.0,32575.0,35709.0,39045.0,41634.0,44351.0,45916.0,47970.0,51719.0,55344.0,60686.0,66211.0,71323.0,76318.0,83319.0,91133.0,99134.0,106364.0,116768.0,130268.0,143048.0,151317.0,156961.0,158300.0,158752.0,163896.0,169331.0,175130.0,185925.0,194787.0
RR30,1272.0,1378.0,1476.0,1579.0,1683.0,1814.0,2001.0,2182.0,2417.0,2696.0,3012.0,3342.0,3664.0,4099.0,4871.0,5373.0,5918.0,6493.0,7448.0,8550.0,9849.0,11229.0,12530.0,13903.0,15861.0,17733.0,20163.0,22589.0,25201.0,28022.0,30560.0,33313.0,36840.0,37832.0,40281.0,43518.0,46106.0,48186.0,49887.0,53343.0,56958.0,60418.0,63785.0,68719.0,75203.0,80746.0,84070.0,86756.0,86644.0,85078.0,86724.0,88067.0,88378.0,89990.0,90625.0
RR40,1447.0,1482.0,1510.0,1584.0,1660.0,1725.0,1831.0,1953.0,2166.0,2415.0,2688.0,2984.0,3352.0,3824.0,4699.0,5273.0,5810.0,6425.0,7287.0,8157.0,9194.0,10211.0,11041.0,11818.0,12508.0,13199.0,14311.0,15322.0,16438.0,17338.0,17958.0,18298.0,18845.0,19665.0,20450.0,20907.0,21523.0,21495.0,21801.0,22313.0,23235.0,24040.0,24500.0,24579.0,25631.0,27771.0,29576.0,30284.0,31148.0,29647.0,28828.0,30585.0,31593.0,31581.0,31294.0
